com.samsung.shealth.badge,6307003,1
number_of_streak,start_time,exercise_type,device_type,status,sleep_coaching_session_uuid,update_time,create_time,source_pkg_name,key,program_id,is_shown,time_offset,extra_data,deviceuuid,pkg_name,exercise_data_uuid,controller_id,end_time,datauuid
,2023-10-11 07:59:55.174,,,1,,2023-10-11 10:59:55.189,2023-10-11 10:59:55.189,,sleep_goal_first_sleep,,,UTC+0000,,zygK3IiKBU,com.sec.android.app.shealth,,Sleep.Goal,2023-10-11 07:59:55.174,3bd887c7-5647-43e2-8b7c-669fe10f54f2,
,2023-10-22 19:28:49.879,11007,,1,,2023-10-22 20:24:28.135,2023-10-22 20:18:44.834,,cycling_goal_first_cycling,,1,UTC-0300,,60rRju/E5J,com.sec.android.app.shealth,677fd241-dd24-4283-86a4-4ab3f86b3fe3,tracker.exercise,2023-10-22 20:18:44.465,c7c7491d-808e-4328-a880-f5d08bdb20b5,
,2023-10-23 11:53:21.553,,,1,,2023-10-23 11:53:22.164,2023-10-23 11:53:22.164,,weight_first_body_check,,,UTC-0300,,60rRju/E5J,com.sec.android.app.shealth,,tracker.weight,2023-10-23 11:53:21.553,f13c3b80-6e44-4793-8b70-de33ea19f812,
,2023-11-27 15:17:06.566,,,1,,2023-11-27 15:17:07.178,2023-11-27 15:17:07.178,,weight_first_body_check,,,UTC-0300,,60rRju/E5J,com.sec.android.app.shealth,,tracker.weight,2023-11-27 15:17:06.566,9c8c7567-e1b9-411a-b40a-136ce2c4679e,
,2024-01-09 16:51:12.423,1001,,1,,2024-01-09 17:03:54.964,2024-01-09 17:03:54.964,,exercise_goal_first_achieve,,,UTC-0300,,60rRju/E5J,com.sec.android.app.shealth,a67d79ed-8218-4a50-b5f3-23a6d19f0aea,tracker.exercise,2024-01-09 17:03:54.715,bdc8ed6f-1d68-4d56-b5de-25b241904159,
,2024-01-09 17:04:01.245,15002,,1,,2024-01-09 17:45:59.557,2024-01-09 17:45:59.557,,exercise_goal_first_achieve,,,UTC-0300,,60rRju/E5J,com.sec.android.app.shealth,012ea6aa-810e-4594-ae67-2b38d07a1f6a,tracker.exercise,2024-01-09 17:45:59.178,384798a4-7d53-46f8-9a6c-8f88a2235a8a,
,2024-01-26 17:22:39.045,1002,,1,,2024-01-26 17:42:47.077,2024-01-26 17:42:47.077,,running_first_run,,,UTC-0300,,60rRju/E5J,com.sec.android.app.shealth,70067e02-1352-4ddb-a269-49c3838350f3,tracker.exercise,2024-01-26 17:42:46.588,182b9471-319e-47b9-8c31-cf4b0b5286c2,
,2024-01-26 18:20:31.556,15003,,1,,2024-01-26 18:50:51.753,2024-01-26 18:50:51.753,,exercise_goal_first_achieve,,,UTC-0300,,60rRju/E5J,com.sec.android.app.shealth,6b89c0cd-4850-4a58-b534-96d8f7f88c4a,tracker.exercise,2024-01-26 18:50:51.461,f480217f-a48b-4616-bd51-2a7993ac351c,
,2024-01-31 16:57:59.052,15005,,1,,2024-01-31 17:13:57.013,2024-01-31 17:13:57.013,,exercise_goal_first_achieve,,,UTC-0300,,60rRju/E5J,com.sec.android.app.shealth,3b0dd871-798a-4638-b980-696c02467fcc,tracker.exercise,2024-01-31 17:13:56.787,ed1306b8-809e-41b5-bf35-0f74b6310b49,
1,2024-07-22 03:00:00.000,,,1,,2024-07-22 15:08:14.851,2024-07-22 15:08:14.851,,sleep_good_sleep,,,UTC-0300,,XLy3VBYEN4,com.sec.android.app.shealth,,Sleep.Goal,2024-07-23 02:59:59.999,3a87ea89-ef4b-423f-a798-5dacba039b7a,
1,2024-07-26 03:00:00.000,,,1,,2024-07-26 12:44:17.222,2024-07-26 12:44:17.222,,sleep_excellent_sleep,,,UTC-0300,,XLy3VBYEN4,com.sec.android.app.shealth,,Sleep.Goal,2024-07-27 02:59:59.999,999f9fc0-e744-493c-974b-8d26b0b43f36,
1,2024-07-30 03:00:00.000,,,1,,2024-07-30 15:11:25.250,2024-07-30 15:11:25.250,,sleep_excellent_sleep,,,UTC-0300,,XLy3VBYEN4,com.sec.android.app.shealth,,Sleep.Goal,2024-07-31 02:59:59.999,fe784761-92a6-4191-ac06-81cac259ccdd,
1,2024-08-14 03:00:00.000,,,1,,2024-08-14 11:15:09.571,2024-08-14 11:15:09.571,,sleep_excellent_sleep,,,UTC-0300,,XLy3VBYEN4,com.sec.android.app.shealth,,Sleep.Goal,2024-08-15 02:59:59.999,99a855b6-7b83-40c8-b12d-331db0a66364,
1,2024-08-16 03:00:00.000,,,1,,2024-08-16 12:44:25.470,2024-08-16 12:44:25.470,,sleep_excellent_sleep,,,UTC-0300,,XLy3VBYEN4,com.sec.android.app.shealth,,Sleep.Goal,2024-08-17 02:59:59.999,0b7876b2-fa37-42a6-843b-a6ab9c0ed631,
,2024-08-20 15:39:36.063,10007,,1,,2024-08-20 16:55:32.241,2024-08-20 16:55:32.241,,exercise_goal_first_achieve,,,UTC-0300,,9cX1oNetDs,com.sec.android.app.shealth,cfa11cad-d9cd-48e1-81cc-0fcd22e14c07,tracker.exercise,2024-08-20 16:55:31.360,7bc67617-1bcf-4153-8b2b-b38f154c037f,
1,2024-08-21 03:00:00.000,,,1,,2024-08-21 12:58:47.179,2024-08-21 12:58:47.179,,sleep_excellent_sleep,,,UTC-0300,,XLy3VBYEN4,com.sec.android.app.shealth,,Sleep.Goal,2024-08-22 02:59:59.999,bdebe709-5063-4040-8bfa-0ef7059ede50,
1,2024-08-24 03:00:00.000,,,1,,2024-08-24 13:03:12.640,2024-08-24 13:03:12.640,,sleep_excellent_sleep,,,UTC-0300,,XLy3VBYEN4,com.sec.android.app.shealth,,Sleep.Goal,2024-08-25 02:59:59.999,cfa22756-66c3-4963-acba-027983dedc7a,
1,2024-09-11 03:00:00.000,,,1,,2024-09-11 13:03:58.529,2024-09-11 13:03:58.529,,sleep_excellent_sleep,,,UTC-0300,,XLy3VBYEN4,com.sec.android.app.shealth,,Sleep.Goal,2024-09-12 02:59:59.999,14b33ae3-7eaf-4291-b4ea-8a99eb6f8f63,
1,2024-09-14 03:00:00.000,,,1,,2024-09-14 12:29:11.857,2024-09-14 12:29:11.857,,sleep_excellent_sleep,,,UTC-0300,,XLy3VBYEN4,com.sec.android.app.shealth,,Sleep.Goal,2024-09-15 02:59:59.999,36467fca-5766-483b-9938-c21b95d7755c,
1,2024-10-30 03:00:00.000,,,1,,2024-11-03 19:05:17.877,2024-11-03 19:05:17.877,,sleep_excellent_sleep,,,UTC-0300,,XLy3VBYEN4,com.sec.android.app.shealth,,Sleep.Goal,2024-10-31 02:59:59.999,17a66d5e-ec7c-4148-b1b6-df80da85e116,
,2025-12-06 03:00:00.000,,100003,1,,2025-12-12 02:21:53.849,2023-10-14 22:47:37.130,com.sec.android.app.shealth,step_milestone_10k_steps,,,UTC-0300,7463.856216304558,bvFPH0+ZC9,com.sec.android.app.shealth,,tracker.pedometer,2025-12-07 02:59:59.999,6bea2328-1ada-4038-9f4c-69182852837f,
,2025-01-17 00:00:00.000,,,1,,2025-01-17 13:20:23.812,2025-01-17 13:20:23.812,,vitality_first_measure,,,UTC+0000,,XLy3VBYEN4,com.sec.android.app.shealth,,tracker.vitality,2025-01-17 00:00:00.000,0acdb5c2-d3a1-4d98-bf76-457d9e8dd80c,
,2025-01-30 00:00:00.000,,,1,,2025-01-30 12:27:40.174,2025-01-30 12:27:40.174,,vitality_good,,,UTC+0000,,XLy3VBYEN4,com.sec.android.app.shealth,,tracker.vitality,2025-01-30 00:00:00.000,de91325e-11d7-44f0-8115-89448551ff33,
7,2025-02-01 03:00:00.000,,,1,,2025-02-08 01:12:19.566,2025-01-27 20:00:48.272,,step_streak_1_week_streak,,,UTC-0300,,9cX1oNetDs,com.sec.android.app.shealth,,tracker.pedometer,2025-02-08 02:59:59.999,fea4fc8d-6e3b-441a-b6c0-ce848812568b,
14,2025-02-01 03:00:00.000,,,1,,2025-02-14 17:09:32.834,2025-02-08 03:00:00.942,,step_streak_2_week_streak,,,UTC-0300,,9cX1oNetDs,com.sec.android.app.shealth,,tracker.pedometer,2025-02-15 02:59:59.999,be3ebf52-ec7c-472e-8cc5-0abdf548c82e,
,2025-02-23 00:00:00.000,,,1,,2025-02-23 13:36:12.883,2025-02-23 13:36:12.883,,vitality_excellent,,,UTC+0000,,XLy3VBYEN4,com.sec.android.app.shealth,,tracker.vitality,2025-02-23 00:00:00.000,4681dae2-f2cf-4f30-bae5-c245d9caba28,
1,2025-03-18 03:00:00.000,,,1,,2025-03-18 12:08:57.262,2025-03-18 12:08:57.262,,sleep_excellent_sleep,,,UTC-0300,,XLy3VBYEN4,com.sec.android.app.shealth,,Sleep.Goal,2025-03-19 02:59:59.999,1939dfee-a1dd-40ad-b8cb-3e0234b49bf0,
1,2025-03-21 03:00:00.000,,,1,,2025-03-21 12:23:33.720,2025-03-21 12:23:33.720,,sleep_excellent_sleep,,,UTC-0300,,XLy3VBYEN4,com.sec.android.app.shealth,,Sleep.Goal,2025-03-22 02:59:59.999,fc88e2e1-bb0d-4454-a37e-870ca7aedbe0,
26,2025-02-01 00:00:00.000,,,1,,2025-04-01 02:59:25.942,2025-02-01 03:00:04.264,,daily_activity_month_streak_feb,,,UTC+0000,{"a":true},XLy3VBYEN4,com.sec.android.app.shealth,,tracker.daily_activity,2025-02-28 23:59:59.999,080aa87b-e629-46c3-a27e-beaa70c42f03,
1,2025-04-02 03:00:00.000,,,1,,2025-04-02 14:11:03.767,2025-04-02 14:11:03.767,,sleep_excellent_sleep,,,UTC-0300,,XLy3VBYEN4,com.sec.android.app.shealth,,Sleep.Goal,2025-04-03 02:59:59.999,2238616d-2735-4071-b392-97461b1c840e,
1,2025-05-02 03:00:00.000,,,1,,2025-05-02 15:00:04.196,2025-05-02 15:00:04.196,,sleep_excellent_sleep,,,UTC-0300,,XLy3VBYEN4,com.sec.android.app.shealth,,Sleep.Goal,2025-05-03 02:59:59.999,78a4fad1-069d-4397-960d-07bde3d3f6f4,
1,2025-05-19 03:00:00.000,,,1,,2025-05-19 14:15:38.890,2025-05-19 14:15:38.890,,sleep_excellent_sleep,,,UTC-0300,,XLy3VBYEN4,com.sec.android.app.shealth,,Sleep.Goal,2025-05-20 02:59:59.999,8bc4c3c4-9546-429b-b124-05fec3deb48b,
1,2025-05-20 03:00:00.000,,,1,,2025-05-20 12:41:40.515,2025-05-20 12:41:40.515,,sleep_excellent_sleep,,,UTC-0300,,XLy3VBYEN4,com.sec.android.app.shealth,,Sleep.Goal,2025-05-21 02:59:59.999,208dedfc-e9bc-48ce-a7bb-17e1099f1732,
1,2025-05-21 03:00:00.000,,,1,,2025-05-23 00:05:09.431,2025-05-23 00:05:09.431,,sleep_excellent_sleep,,,UTC-0300,,XLy3VBYEN4,com.sec.android.app.shealth,,Sleep.Goal,2025-05-22 02:59:59.999,b95d5853-ec73-4eeb-be30-58fa9e8e06eb,
,2025-05-21 00:00:00.000,,,1,,2025-05-23 00:05:11.792,2025-05-23 00:05:11.792,,vitality_excellent,,,UTC+0000,,XLy3VBYEN4,com.sec.android.app.shealth,,tracker.vitality,2025-05-21 00:00:00.000,59fef437-f859-404c-964a-c18c460cc10c,
1,2025-05-23 03:00:00.000,,,1,,2025-05-23 14:17:00.481,2025-05-23 14:17:00.481,,sleep_excellent_sleep,,,UTC-0300,,XLy3VBYEN4,com.sec.android.app.shealth,,Sleep.Goal,2025-05-24 02:59:59.999,7d2f7a2a-5bf9-4f8a-ad7b-b416f6d08e1f,
1,2025-05-27 03:00:00.000,,,1,,2025-05-27 13:18:53.604,2025-05-27 13:18:53.604,,sleep_excellent_sleep,,,UTC-0300,,XLy3VBYEN4,com.sec.android.app.shealth,,Sleep.Goal,2025-05-28 02:59:59.999,2bf08e27-8053-4df2-9e98-9589b4ca8dd2,
1,2025-05-29 03:00:00.000,,,1,,2025-05-29 13:09:15.616,2025-05-29 13:09:15.616,,sleep_excellent_sleep,,,UTC-0300,,XLy3VBYEN4,com.sec.android.app.shealth,,Sleep.Goal,2025-05-30 02:59:59.999,fd75faa5-662f-4749-a30a-954618a86952,
,2025-05-29 00:00:00.000,,,1,,2025-05-29 13:09:18.374,2025-05-29 13:09:18.374,,vitality_excellent,,,UTC+0000,,XLy3VBYEN4,com.sec.android.app.shealth,,tracker.vitality,2025-05-29 00:00:00.000,670aa623-5996-4564-abc1-65c6c05cbc13,
,2025-05-31 00:00:00.000,,,1,,2025-05-31 13:23:32.580,2025-05-31 13:23:32.580,,vitality_excellent,,,UTC+0000,,XLy3VBYEN4,com.sec.android.app.shealth,,tracker.vitality,2025-05-31 00:00:00.000,e8cd18eb-661f-4c97-b83a-2a54034f03da,
1,2025-06-19 03:00:00.000,,,1,,2025-06-19 15:59:58.273,2025-06-19 15:59:58.273,,sleep_excellent_sleep,,,UTC-0300,,XLy3VBYEN4,com.sec.android.app.shealth,,Sleep.Goal,2025-06-20 02:59:59.999,6c2335a5-8cac-4b92-bfa0-9b6ec324c1d8,
0,2025-06-30 00:00:00.000,,,0,,2025-07-02 03:00:08.787,2025-07-01 03:00:07.842,,nutrition_7_days_streak,,,UTC-0300,,XLy3VBYEN4,com.sec.android.app.shealth,,goal.nutrition,2025-06-30 23:59:59.999,4f3cf429-3be2-4c9f-bf5a-379c91d0f394,
,2025-07-08 00:00:00.000,,,1,,2025-07-08 11:22:40.757,2025-07-08 11:22:40.757,,vitality_excellent,,,UTC+0000,,XLy3VBYEN4,com.sec.android.app.shealth,,tracker.vitality,2025-07-08 00:00:00.000,165a7bae-18c3-4a62-aa30-c77633004cf6,
,2025-07-30 00:00:00.000,,,1,,2025-07-30 12:56:42.243,2025-07-30 12:56:42.243,,vitality_excellent,,,UTC+0000,,XLy3VBYEN4,com.sec.android.app.shealth,,tracker.vitality,2025-07-30 00:00:00.000,30c8f74b-8d12-43fd-b448-13e5a5bbf06e,
,2025-07-31 00:00:00.000,,,1,,2025-07-31 12:07:42.519,2025-07-31 12:07:42.519,,vitality_excellent,,,UTC+0000,,XLy3VBYEN4,com.sec.android.app.shealth,,tracker.vitality,2025-07-31 00:00:00.000,48fdbbb0-3cf9-48c3-90f9-ed8583e11da4,
,2025-08-08 00:00:00.000,,,1,,2025-08-08 09:55:32.665,2025-08-08 09:55:32.665,,vitality_excellent,,,UTC+0000,,XLy3VBYEN4,com.sec.android.app.shealth,,tracker.vitality,2025-08-08 00:00:00.000,030e90fa-77ef-488c-926e-593e7c988164,
,2025-08-09 00:00:00.000,,,1,,2025-08-09 12:02:19.508,2025-08-09 12:02:19.508,,vitality_excellent,,,UTC+0000,,XLy3VBYEN4,com.sec.android.app.shealth,,tracker.vitality,2025-08-09 00:00:00.000,76ee93d5-cc68-4a63-81ac-8d370cbfa5e6,
1,2025-08-14 03:00:00.000,,,1,,2025-08-14 10:14:21.477,2025-08-14 10:14:21.477,,sleep_excellent_sleep,,,UTC-0300,,XLy3VBYEN4,com.sec.android.app.shealth,,Sleep.Goal,2025-08-15 02:59:59.999,455271e7-7b8c-4d75-b208-00a96610888f,
1,2025-08-17 03:00:00.000,,,1,,2025-08-17 13:20:23.924,2025-08-17 13:20:23.924,,sleep_excellent_sleep,,,UTC-0300,,XLy3VBYEN4,com.sec.android.app.shealth,,Sleep.Goal,2025-08-18 02:59:59.999,e5c57e3f-35f2-43de-b962-15e7b600b2fc,
,2025-08-21 00:00:00.000,,,1,,2025-08-21 10:22:36.789,2025-08-21 10:22:36.789,,vitality_excellent,,,UTC+0000,,XLy3VBYEN4,com.sec.android.app.shealth,,tracker.vitality,2025-08-21 00:00:00.000,c4af296b-6edd-40ad-a722-e3a407fab90e,
,2025-08-23 00:00:00.000,,,1,,2025-08-23 10:23:03.635,2025-08-23 10:23:03.635,,vitality_excellent,,,UTC+0000,,XLy3VBYEN4,com.sec.android.app.shealth,,tracker.vitality,2025-08-23 00:00:00.000,5a2aa31f-889f-4436-ae21-7e496df068fe,
,2025-08-24 00:00:00.000,,,1,,2025-08-24 14:18:47.876,2025-08-24 14:18:47.876,,vitality_excellent,,,UTC+0000,,XLy3VBYEN4,com.sec.android.app.shealth,,tracker.vitality,2025-08-24 00:00:00.000,611e2db9-e6f4-4677-9c49-d2c5089784b8,
,2025-08-25 00:00:00.000,,,1,,2025-08-25 10:55:21.147,2025-08-25 10:55:21.147,,vitality_excellent,,,UTC+0000,,XLy3VBYEN4,com.sec.android.app.shealth,,tracker.vitality,2025-08-25 00:00:00.000,a20a730d-729a-4e25-bc19-d0254d7ddeb1,
,2025-08-26 00:00:00.000,,,1,,2025-08-26 22:20:05.773,2025-08-26 22:20:05.773,,vitality_excellent,,,UTC+0000,,XLy3VBYEN4,com.sec.android.app.shealth,,tracker.vitality,2025-08-26 00:00:00.000,d3040fcd-4bdc-4a36-b2e0-a357207cee30,
,2025-08-27 00:00:00.000,,,1,,2025-08-27 12:20:44.921,2025-08-27 12:20:44.921,,vitality_excellent,,,UTC+0000,,XLy3VBYEN4,com.sec.android.app.shealth,,tracker.vitality,2025-08-27 00:00:00.000,b0a94a91-ea46-42a3-a5ce-6f1bb3ee0205,
,2025-08-28 00:00:00.000,,,1,,2025-08-28 11:11:18.848,2025-08-28 11:11:18.848,,vitality_excellent,,,UTC+0000,,XLy3VBYEN4,com.sec.android.app.shealth,,tracker.vitality,2025-08-28 00:00:00.000,24333547-0e1b-4791-940f-05f6e467e9f7,
,2025-08-31 00:00:00.000,,,1,,2025-08-31 14:45:44.446,2025-08-31 14:45:44.446,,vitality_excellent,,,UTC+0000,,XLy3VBYEN4,com.sec.android.app.shealth,,tracker.vitality,2025-08-31 00:00:00.000,db6fef47-be5e-481f-9edd-fe0a42b194a0,
,2025-09-06 00:00:00.000,,,1,,2025-09-06 12:14:28.175,2025-09-06 12:14:28.175,,vitality_excellent,,,UTC+0000,,XLy3VBYEN4,com.sec.android.app.shealth,,tracker.vitality,2025-09-06 00:00:00.000,02735096-745e-4cbd-8de8-f0ca0f8cd7c6,
1,2025-09-07 03:00:00.000,,,1,,2025-09-07 14:05:23.688,2025-09-07 14:05:23.688,,sleep_excellent_sleep,,,UTC-0300,,XLy3VBYEN4,com.sec.android.app.shealth,,Sleep.Goal,2025-09-08 02:59:59.999,29c1a8ce-aaee-44f3-9e02-d5e463ad9622,
,2025-09-07 00:00:00.000,,,1,,2025-09-07 14:05:27.676,2025-09-07 14:05:27.676,,vitality_excellent,,,UTC+0000,,XLy3VBYEN4,com.sec.android.app.shealth,,tracker.vitality,2025-09-07 00:00:00.000,e540a013-da86-4583-8396-d55d64ab96b8,
,2025-09-08 00:00:00.000,,,1,,2025-09-08 11:31:30.478,2025-09-08 11:31:30.478,,vitality_excellent,,,UTC+0000,,XLy3VBYEN4,com.sec.android.app.shealth,,tracker.vitality,2025-09-08 00:00:00.000,57f15892-400d-4a13-a1cf-4de1c7e8e9c4,
,2025-09-09 00:00:00.000,,,1,,2025-09-09 13:35:00.698,2025-09-09 13:35:00.698,,vitality_excellent,,,UTC+0000,,XLy3VBYEN4,com.sec.android.app.shealth,,tracker.vitality,2025-09-09 00:00:00.000,241ccf79-c93c-47b7-b123-bd5595515404,
,2025-09-10 00:00:00.000,,,1,,2025-09-10 12:34:28.162,2025-09-10 12:34:28.162,,vitality_excellent,,,UTC+0000,,XLy3VBYEN4,com.sec.android.app.shealth,,tracker.vitality,2025-09-10 00:00:00.000,af366091-ffee-4bb6-86d3-404b2ff9b564,
,2025-09-13 00:00:00.000,,,1,,2025-09-13 10:51:58.336,2025-09-13 10:51:58.336,,vitality_excellent,,,UTC+0000,,XLy3VBYEN4,com.sec.android.app.shealth,,tracker.vitality,2025-09-13 00:00:00.000,84c277fb-6aca-4000-b5ad-c83fd9bc4163,
1,2025-09-20 03:00:00.000,,,1,,2025-09-20 10:42:52.879,2025-09-20 10:42:52.879,,sleep_excellent_sleep,,,UTC-0300,,XLy3VBYEN4,com.sec.android.app.shealth,,Sleep.Goal,2025-09-21 02:59:59.999,99a0281f-b3f4-44c8-a469-361e95788825,
1,2025-09-21 03:00:00.000,,,1,,2025-09-21 11:58:56.851,2025-09-21 11:58:56.851,,sleep_excellent_sleep,,,UTC-0300,,XLy3VBYEN4,com.sec.android.app.shealth,,Sleep.Goal,2025-09-22 02:59:59.999,2cc2343c-1546-4a31-86cf-0221ceeae9a5,
1,2025-09-27 03:00:00.000,,,1,,2025-09-27 10:35:16.699,2025-09-27 10:35:16.699,,sleep_excellent_sleep,,,UTC-0300,,XLy3VBYEN4,com.sec.android.app.shealth,,Sleep.Goal,2025-09-28 02:59:59.999,d4c3a85c-8eb8-42c9-bd06-d97f868e102c,
1,2025-09-29 03:00:00.000,,,1,,2025-09-29 10:09:47.121,2025-09-29 10:09:47.121,,sleep_excellent_sleep,,,UTC-0300,,XLy3VBYEN4,com.sec.android.app.shealth,,Sleep.Goal,2025-09-30 02:59:59.999,c5914da5-3a2a-4f37-a4ff-56d8557f2006,
0,1970-01-01 00:00:00.000,,,0,,2025-09-30 12:19:32.313,2024-08-11 15:52:59.169,,sleep_3_days_streak,,,UTC-0300,"1759287599999,2",XLy3VBYEN4,com.sec.android.app.shealth,,Sleep.Goal,2025-10-01 02:59:59.999,b379ee35-499c-4dee-b39a-400e61f0ffd3,
,2025-10-01 00:00:00.000,,,1,,2025-10-01 12:08:34.843,2025-10-01 12:08:34.843,,vitality_excellent,,,UTC+0000,,XLy3VBYEN4,com.sec.android.app.shealth,,tracker.vitality,2025-10-01 00:00:00.000,9c060065-8e4c-4963-a462-860ab206f516,
1,2025-10-13 03:00:00.000,,,1,,2025-10-13 10:29:21.350,2025-10-13 10:29:21.350,,sleep_excellent_sleep,,,UTC-0300,,XLy3VBYEN4,com.sec.android.app.shealth,,Sleep.Goal,2025-10-14 02:59:59.999,47747364-4879-4911-b2f5-84938ac2afe3,
1,2025-10-14 03:00:00.000,,,1,,2025-10-14 12:21:53.064,2025-10-14 12:21:53.064,,sleep_excellent_sleep,,,UTC-0300,,XLy3VBYEN4,com.sec.android.app.shealth,,Sleep.Goal,2025-10-15 02:59:59.999,41bf3c49-a8ef-4527-a50c-3a4a56b240c8,
,2025-10-14 00:00:00.000,,,1,,2025-10-14 12:21:56.701,2025-10-14 12:21:56.701,,vitality_excellent,,,UTC+0000,,XLy3VBYEN4,com.sec.android.app.shealth,,tracker.vitality,2025-10-14 00:00:00.000,2340a390-20b1-4fc8-8dbc-e64f05c1f7a9,
1,2025-10-15 03:00:00.000,,,1,,2025-10-15 12:40:57.854,2025-10-15 12:40:57.854,,sleep_excellent_sleep,,,UTC-0300,,XLy3VBYEN4,com.sec.android.app.shealth,,Sleep.Goal,2025-10-16 02:59:59.999,88a99951-123c-4098-8604-b72bbb9fbc05,
,2025-10-15 00:00:00.000,,,1,,2025-10-15 12:41:01.725,2025-10-15 12:41:01.725,,vitality_excellent,,,UTC+0000,,XLy3VBYEN4,com.sec.android.app.shealth,,tracker.vitality,2025-10-15 00:00:00.000,c1523c5d-f147-451f-a651-703c64c5c22e,
1507,2025-10-17 22:25:25.662,1002,,2,,2025-10-17 22:25:31.768,2025-10-17 22:25:31.768,,running_100K_accumulated,,,UTC-0300,,XLy3VBYEN4,com.sec.android.app.shealth,8f2d3372-1d2b-4423-80b2-dbd2f0153c89,tracker.exercise,2025-10-17 22:25:31.662,574a6d49-7591-4b9d-8aec-b7b8f6a6a142,
7091,2025-10-17 22:25:25.786,11007,,2,,2025-10-17 22:25:32.929,2025-10-17 22:25:32.929,,cycling_goal_200K_accumulated,,,UTC-0300,,XLy3VBYEN4,com.sec.android.app.shealth,69024fab-82e3-4f66-8ed4-330ece9398fd,tracker.exercise,2025-10-17 22:25:31.786,466595ed-7e65-444c-8871-985e2265a7fa,
1,2025-10-21 03:00:00.000,,,1,,2025-10-21 11:08:58.207,2025-10-21 11:08:58.207,,sleep_excellent_sleep,,,UTC-0300,,XLy3VBYEN4,com.sec.android.app.shealth,,Sleep.Goal,2025-10-22 02:59:59.999,d4115319-f686-4465-af23-f02fc8fa36a4,
,2025-10-21 00:00:00.000,,,1,,2025-10-21 11:09:02.161,2025-10-21 11:09:02.161,,vitality_excellent,,,UTC+0000,,XLy3VBYEN4,com.sec.android.app.shealth,,tracker.vitality,2025-10-21 00:00:00.000,fbe85058-5c93-4ea0-bfe0-c88def360369,
1,2025-10-28 03:00:00.000,,,1,,2025-10-28 10:29:56.395,2025-10-28 10:29:56.395,,sleep_excellent_sleep,,,UTC-0300,,XLy3VBYEN4,com.sec.android.app.shealth,,Sleep.Goal,2025-10-29 02:59:59.999,8971c621-1f97-497f-8432-5745b0699662,
,2025-10-28 00:00:00.000,,,1,,2025-10-28 10:30:00.758,2025-10-28 10:30:00.758,,vitality_excellent,,,UTC+0000,,XLy3VBYEN4,com.sec.android.app.shealth,,tracker.vitality,2025-10-28 00:00:00.000,873c3a7a-ba4c-4cc2-aa1f-2e358e794e4c,
,2025-10-30 00:00:00.000,,,1,,2025-10-30 11:30:40.838,2025-10-30 11:30:40.838,,vitality_excellent,,,UTC+0000,,XLy3VBYEN4,com.sec.android.app.shealth,,tracker.vitality,2025-10-30 00:00:00.000,ce18ce08-ccc1-4796-9894-14ce088bc463,
1,2025-11-01 03:00:00.000,,,1,,2025-11-01 13:07:11.615,2025-11-01 13:07:11.615,,sleep_excellent_sleep,,,UTC-0300,,XLy3VBYEN4,com.sec.android.app.shealth,,Sleep.Goal,2025-11-02 02:59:59.999,56b111a6-be57-40a3-a12e-ceae851e5b69,
1,2025-11-09 03:00:00.000,,,1,,2025-11-09 13:49:10.606,2025-11-09 13:49:10.606,,sleep_excellent_sleep,,,UTC-0300,,XLy3VBYEN4,com.sec.android.app.shealth,,Sleep.Goal,2025-11-10 02:59:59.999,9445493d-b7ce-40ad-9c5e-87f45eb02ac5,
1,2025-11-10 03:00:00.000,,,1,,2025-11-10 08:48:42.491,2025-11-10 08:48:42.491,,sleep_excellent_sleep,,,UTC-0300,,XLy3VBYEN4,com.sec.android.app.shealth,,Sleep.Goal,2025-11-11 02:59:59.999,b1f8d397-1292-41d1-960a-b13932d47d85,
1,2025-12-10 14:29:02.074,,,2,,2025-12-10 17:59:44.705,2025-06-08 11:30:32.343,,exercise_one_month_streak,,,UTC+0000,,XLy3VBYEN4,com.sec.android.app.shealth,ae9eb1f9-8c49-4908-8ccd-004c1014b0f3,tracker.exercise,2025-12-10 14:29:02.074,7a0fe16c-c2b1-484a-b958-55aa0ff28e96,
1,2025-11-21 03:00:00.000,,,1,,2025-11-21 10:52:59.906,2025-11-21 10:52:59.906,,sleep_excellent_sleep,,,UTC-0300,,XLy3VBYEN4,com.sec.android.app.shealth,,Sleep.Goal,2025-11-22 02:59:59.999,e0bdb8ea-98cf-4c7d-b05a-b805be7825f4,
,2025-11-23 00:00:00.000,,,1,,2025-11-23 12:55:24.857,2025-11-23 12:55:24.857,,vitality_excellent,,,UTC+0000,,XLy3VBYEN4,com.sec.android.app.shealth,,tracker.vitality,2025-11-23 00:00:00.000,7893ee71-2c3c-4d52-b136-5abb3d687337,
,2025-11-24 00:00:00.000,,,1,,2025-11-24 11:00:44.946,2025-11-24 11:00:44.946,,vitality_excellent,,,UTC+0000,,XLy3VBYEN4,com.sec.android.app.shealth,,tracker.vitality,2025-11-24 00:00:00.000,186f3c3a-74e5-451f-ab49-18cd71e2ce55,
3,2025-12-01 00:00:00.000,,,0,,2025-12-16 01:17:29.742,2025-12-06 17:35:42.978,,daily_activity_month_streak_dec,,,UTC+0000,{"a":false},bvFPH0+ZC9,com.sec.android.app.shealth,,tracker.daily_activity,2025-12-15 00:00:00.000,ee1b5118-908e-46b9-84a2-15cc629f4e6a,
1,2025-12-10 14:10:16.964,,,2,,2025-12-10 14:10:17.700,2025-01-28 01:50:26.437,,weight_1_month_streak,,,UTC-0300,,9cX1oNetDs,com.sec.android.app.shealth,,tracker.weight,2025-12-10 14:10:16.964,1adc8520-ba6a-4688-93b5-fa0e6416d6e8,
1,2025-12-06 03:00:00.000,,,1,,2025-12-10 14:24:10.321,2025-12-10 14:24:10.321,,sleep_excellent_sleep,,,UTC-0300,,bvFPH0+ZC9,com.sec.android.app.shealth,,Sleep.Goal,2025-12-07 02:59:59.999,7498d1ee-b02d-4518-99b2-e9bf984119f5,
,2025-12-11 00:00:00.000,,,1,,2025-12-11 10:09:44.579,2025-12-11 10:09:44.579,,vitality_excellent,,,UTC+0000,,bvFPH0+ZC9,com.sec.android.app.shealth,,tracker.vitality,2025-12-11 00:00:00.000,47412a94-e2d0-4bdf-b120-f0b8fc342bb8,
1,2025-12-13 00:00:00.000,,,0,,2025-12-15 23:43:37.115,2025-12-11 21:52:30.492,,step_streak_3_week_streak,,,UTC+0000,,bvFPH0+ZC9,com.sec.android.app.shealth,,tracker.pedometer,2025-12-14 23:59:59.999,8fc292d1-4535-459d-9fe1-7947c492489c,
